{"is_source_file": false, "format": "", "description": "", "external_files": [], "external_methods": [], "published": [], "classes": [], "methods": [], "calls": [], "search-terms": [], "state": 2, "file_id": 4, "knowledge_revision": 9, "git_revision": "6ab2433f7f9bd3b2153f74eadee25c1cea66b7dc", "hash": "0c9f36dfd1a6dee9fa952c06ab7d9563", "format-version": 4, "code-base-name": "database", "filename": "database/db_visualizer/package.json", "revision_history": [{"9": "6ab2433f7f9bd3b2153f74eadee25c1cea66b7dc"}]}