{"is_source_file": true, "format": "bash", "description": "This script automates the detection and backup of various types of databases (SQLite, PostgreSQL, MySQL, MongoDB) running on the system. It checks for the presence and responsiveness of each database type and performs the backup accordingly, saving output files like database_backup.sql or database_backup.archive.", "external_files": ["/usr/lib/postgresql/", "/var/run/mysqld/mysqld.sock"], "external_methods": ["ls", "sudo -u postgres pg_isready", "mysqladmin", "mysql", "mysqldump", "mongosh", "mongodump"], "published": [], "classes": [], "methods": [], "calls": ["ls", "sudo -u postgres pg_isready", "mysqladmin ping", "mysql -h localhost -P ${DB_PORT} -u ${DB_USER} -p${DB_PASSWORD} -e \"SELECT 1\"", "mysqldump -h localhost -P ${DB_PORT} -u ${DB_USER} -p${DB_PASSWORD} --databases ${DB_NAME} --add-drop-database --routines --triggers --single-transaction", "sudo mysql --socket=/var/run/mysqld/mysqld.sock -u root -p${DB_PASSWORD} -e \"SELECT 1\"", "sudo mysqldump --socket=/var/run/mysqld/mysqld.sock -u root -p${DB_PASSWORD} --databases ${DB_NAME} --add-drop-database --routines --triggers --single-transaction", "mongosh --port ${DB_PORT} --eval \"db.adminCommand('ping')\"", "mongodump --port ${DB_PORT} --db ${DB_NAME} --archive=database_backup.archive --quiet"], "search-terms": ["backup_db.sh", "database backup", "SQLite", "PostgreSQL", "MySQL", "MongoDB", "database detection", "system backup script"], "state": 2, "file_id": 1, "knowledge_revision": 13, "git_revision": "6ab2433f7f9bd3b2153f74eadee25c1cea66b7dc", "hash": "7af9aa35fa4940f934d83f6e2621b732", "format-version": 4, "code-base-name": "database", "filename": "database/backup_db.sh", "revision_history": [{"13": "6ab2433f7f9bd3b2153f74eadee25c1cea66b7dc"}]}