{"is_source_file": true, "format": "bash", "description": "A shell script for initializing and starting a PostgreSQL database server, configuring user permissions, creating database objects, and setting environment variables for a specific project environment.", "external_files": ["/usr/lib/postgresql/", "/var/lib/postgresql/data/", "db_connection.txt", "db_visualizer/postgres.env"], "external_methods": ["ls", "pgrep", "sudo -u postgres initdb", "sudo -u postgres pg_isready", "sudo -u postgres psql", "sudo -u postgres createdb"], "published": [], "classes": [], "methods": [], "calls": ["ls", "pgrep", "sudo -u postgres initdb", "sudo -u postgres pg_isready", "sudo -u postgres psql", "sudo -u postgres createdb"], "search-terms": ["PostgreSQL startup", "db_connection.txt", "pg_isready", "postgresql", "database initialization", "shell script", "permission setup", "database user", "environment variables", "startup script"], "state": 2, "file_id": 5, "knowledge_revision": 12, "git_revision": "6ab2433f7f9bd3b2153f74eadee25c1cea66b7dc", "hash": "fa2aa67ea0a7c72f7c0958282f15a864", "format-version": 4, "code-base-name": "database", "filename": "database/startup.sh", "revision_history": [{"12": "6ab2433f7f9bd3b2153f74eadee25c1cea66b7dc"}]}