{"is_source_file": true, "format": "bash", "description": "This script automates the restoration of various database types (SQLite, PostgreSQL, MySQL, MongoDB) from backup files. It detects the presence of backup files and the running type of database, then executes appropriate restore commands based on the environment.", "external_files": ["database_backup.db", "database_backup.sql", "database_backup.archive"], "external_methods": ["ls", "cp", "sudo -u postgres pg_isready", "psql", "mysqladmin", "mysql", "mongosh", "mongorestore"], "published": [], "classes": [], "methods": [], "calls": ["ls /usr/lib/postgresql/", "sudo -u postgres pg_isready -p ${DB_PORT}", "psql -h localhost -p ${DB_PORT} -U ${DB_USER} -d postgres < database_backup.sql", "mysqladmin ping -h localhost -P ${DB_PORT}", "mysql -h localhost -P ${DB_PORT} -u ${DB_USER} -p${DB_PASSWORD}", "sudo mysql --socket=/var/run/mysqld/mysqld.sock -u root -p${DB_PASSWORD}", "mongosh --port ${DB_PORT} --eval \"db.adminCommand('ping')\"", "mongorestore --port ${DB_PORT} --archive=database_backup.archive --drop --quiet"], "search-terms": ["restore_db.sh", "database_backup.db", "database_backup.sql", "database_backup.archive", "SQLite", "PostgreSQL", "MySQL", "MongoDB", "database restore"], "state": 2, "file_id": 6, "knowledge_revision": 14, "git_revision": "6ab2433f7f9bd3b2153f74eadee25c1cea66b7dc", "hash": "67505395c0df4c9c001ab8f47571f3fb", "format-version": 4, "code-base-name": "database", "filename": "database/restore_db.sh", "revision_history": [{"14": "6ab2433f7f9bd3b2153f74eadee25c1cea66b7dc"}]}