{"is_source_file": true, "format": "HTML", "description": "This file is a complete HTML page that implements a web-based database visualizer interface. It includes styles, structure, and embedded JavaScript for fetching database information, listing databases and tables, and displaying table data with interactive features such as expanding cells and refreshing data.", "external_files": [], "external_methods": [], "published": [], "classes": [], "methods": [], "calls": ["fetch", "refreshDatabases()", "loadDatabases()", "toggleDatabase()", "loadTables()", "loadTableData()", "renderTable()", "renderCell()", "expandCell()", "setActiveState()", "showLoading()", "showError()", "showEmptyState()"], "search-terms": ["HTML", "Database Viewer", "JavaScript functions", "embedded script", "fetch API", "interactive table", "expand cell", "refresh databases", "list databases", "list tables", "display table data"], "state": 2, "file_id": 2, "knowledge_revision": 11, "git_revision": "6ab2433f7f9bd3b2153f74eadee25c1cea66b7dc", "hash": "ee63333a4841bf025439c755a74c9881", "format-version": 4, "code-base-name": "database", "filename": "database/db_visualizer/public/index.html", "revision_history": [{"11": "6ab2433f7f9bd3b2153f74eadee25c1cea66b7dc"}]}