{"is_source_file": true, "format": "SQL", "description": "This file contains SQL statements for seeding initial data into a database, including permissions, roles, admin users, facilities, and their associated relations, specifically designed for setting up or migrating the database schema with seed data.", "external_files": [], "external_methods": [], "published": [], "classes": [], "methods": [], "calls": [], "search-terms": ["seed data", "permissions", "roles", "admin", "facilities", "migration", "V2", "seed", "permissions insert", "role_permissions", "admin_roles", "facilities catalog"], "state": 2, "file_id": 9, "knowledge_revision": 19, "git_revision": "c95845aee5ff64015d1188b148c5350a2a664dbe", "hash": "8fac8cedd60a45b85685f5367d325a81", "format-version": 4, "code-base-name": "database", "filename": "database/migrations/V2__seed_data.sql", "revision_history": [{"19": "c95845aee5ff64015d1188b148c5350a2a664dbe"}]}